,Sample_3266.CB.1,Sample_3266.CB.10,Sample_3266.CB.102,Sample_3266.CB.103,Sample_3266.CB.104,Sample_3266.CB.106,Sample_3266.CB.107,Sample_3266.CB.108,Sample_3266.CB.109,Sample_3266.CB.110,Sample_3266.CB.12,Sample_3266.CB.146,Sample_3266.CB.15,Sample_3266.CB.18,Sample_3266.CB.180,Sample_3266.CB.182,Sample_3266.CB.183,Sample_3266.CB.189,Sample_3266.CB.19,Sample_3266.CB.20,Sample_3266.CB.206,Sample_3266.CB.207
TSPAN6,-0.881087874,-0.006181378,-2.29388177,-0.215143332,-0.740703556,0.99827505,0.053724388,0.58309718,0.185613008,-0.394376015,-1.174733045,-0.831151206,0.461860529,0.641881423,0.587318879,-0.025156663,-0.35079426,0.102232559,0.254353943,-0.424447306,-3.050019312,-0.075612265
TNMD,-3.768613145,-1.391835071,-3.516274191,-4.122033927,-4.58200581,-1.896838378,-2.784994705,0.999722677,-1.844975312,-2.71630411,-2.759695546,-2.075076789,-3.606619209,-0.109091029,-2.872112739,-3.422749028,-3.324799051,-1.657816648,-6.800928493,-3.483340995,-2.156934516,-0.606126982
DPM1,-0.664276485,-1.488050386,-2.779308597,-1.619533587,-2.260077715,-0.654477541,-0.870724579,1.170176622,-1.616706324,-1.652173773,-1.479587627,-1.5681168,-0.71045502,-0.28342121,-2.365152751,-1.508478902,-0.15487405,-1.326610739,-1.671645476,-1.699069686,-1.333812278,-0.265090064
SCYL3,-2.003078398,-2.098103868,0.184165527,-0.752800117,-2.997043309,-0.015985644,-2.093117001,-1.221083494,-1.246337874,-1.046452712,0.73673028,-0.896739547,-0.50975767,-1.029237722,-3.660608634,-2.875261233,-1.488297784,0.017343662,-3.993573571,-1.523982979,-0.12945378,-0.265090064
C1orf112,-3.768613145,-2.886599762,-2.29388177,-2.247564809,-4.58200581,-3.166927542,-6.485434423,-7.243451307,-3.273818611,-6.175735729,-2.397125466,-4.738041801,-6.776544211,-4.72967744,-4.798112158,-7.123188746,2.904019639,-2.524550117,-6.800928493,-4.331337901,-2.687449233,-2.638548459
FGR,-2.003078398,-1.136578015,0.108216674,0.125893586,-1.643406354,-2.300194073,-3.026002805,-3.543011589,-2.886795488,-6.175735729,-0.812162966,-1.193721285,1.703236053,-2.964142693,-3.950115251,-2.078794627,-3.810225879,-4.290084863,-2.713465651,-1.523982979,-1.465056812,0.820883159
CFH,6.251255533,2.242683255,1.887447995,7.306151744,2.88559974,6.670885876,1.508919013,2.979343596,1.606942253,1.807257846,5.623391551,6.209108069,3.227676256,2.952614932,7.693390241,7.603189089,8.240507071,8.856897406,2.449369925,2.812300409,6.839376002,3.002682261
FUCA2,-1.698223817,-0.731321537,-1.194346096,-2.899641506,-1.774650888,-2.499502881,3.120045095,-1.885899302,-2.116277334,-1.652173773,-3.245122373,-1.930686879,-2.689081369,-1.69405353,-2.165843942,-2.168992436,-1.274172978,-0.104218318,-1.846732182,-1.795285001,-3.535446139,-1.454123888
GCLC,-2.920616238,-6.346031381,-2.29388177,-4.122033927,-3.845040216,-4.932462288,-4.163506329,-7.243451307,-4.166903407,-4.590773228,-2.759695546,-4.001076207,-6.776544211,-7.051605535,-7.120040253,-7.123188746,-3.324799051,-4.290084863,-6.800928493,-3.483340995,-3.050019312,-2.638548459
NFYA,-0.805139021,-0.919766626,2.282467601,0.668043003,-0.809416306,-7.254390383,-2.23750691,-2.995523793,-2.450696373,-1.783418306,-0.437767451,-2.075076789,-3.606619209,-2.964142693,-4.312685331,-2.479332557,0.497202647,-1.754031963,-3.341496874,-1.699069686,-1.609446721,0.867804207
STPG1,3.465964815,4.970815803,6.704104136,5.230377392,5.35315924,5.679484654,4.605339631,5.552791141,4.639070726,4.621115067,4.045818029,2.756480482,5.225215818,4.93885303,5.065144914,5.07924122,5.838311467,6.984526246,5.365548458,5.429880875,3.579337308,6.025818013
NIPAL3,-6.090541239,-2.645591663,-5.101236692,-1.619533587,-1.643406354,-2.610534193,-6.485434423,-2.199057188,-2.330402139,-2.47529601,-1.660159872,-1.679148112,-1.918563215,-3.592173916,-3.419600535,-1.01466429,-4.547191473,-1.754031963,-2.157072303,-3.193834378,-3.535446139,-3.776051983
LAS1L,-1.04614712,-1.953713958,-3.516274191,-4.122033927,-2.707536692,-1.762537287,-3.026002805,-0.868411876,-2.219370827,-2.088272887,-1.319122954,-2.075076789,-2.021656708,-2.803678021,-2.872112739,-1.01466429,-0.35079426,-1.326610739,-1.309075396,-2.565803155,-0.903177924,-1.850052564
ENPP4,-1.335653737,-0.196284262,-2.29388177,-1.314679005,-0.881566092,-0.567889856,-0.870724579,0.224154243,-0.344901709,-0.394376015,-0.357597102,-0.133179743,0.383327126,-1.379180193,-0.064757817,1.315603106,0.467758869,1.201768233,-0.231072884,-1.443812631,0.332450325,-0.215337029
SEMA3F,0.479314369,0.49945867,0.028046325,0.020924027,0.601216014,1.770749179,-0.181653675,0.901206936,0.787292904,0.644443234,1.652118053,1.411705318,1.447457464,0.261277421,0.896768035,1.700178494,0.609313013,2.217709777,1.489090354,-0.053353154,2.102627698,1.862021854
CFTR,-0.881087874,-2.645591663,-1.93131169,-1.800105832,-2.260077715,-2.209996264,-2.578543828,-1.958049088,-2.116277334,-2.088272887,-0.437767451,-2.075076789,-1.104118869,-2.19362454,-2.262059258,-0.68024525,-0.023629517,-1.968156768,-1.019568779,-1.295713992,0.884092752,-0.370059623
ANKIB1,-0.881087874,0.619752904,-0.708919269,0.074363286,-0.189688387,-0.778656952,-0.256615733,-0.673595699,-0.599218897,-1.131341609,0.622774091,0.27690854,0.589778004,-1.766203316,-0.29986129,0.439053678,0.497202647,-0.072854147,-0.231072884,-1.608871877,0.552016702,0.696435788
CYP51A1,1.91508331,2.0505734,1.165549849,0.86285918,2.238173153,1.748424633,1.208052534,2.016291957,2.503499938,1.460888892,1.995191956,2.380899271,2.203595367,2.657478278,3.362767704,3.116409783,2.716468967,1.826778894,2.410959802,0.74761344,2.522004133,2.066926849
KRIT1,-2.631109621,-2.886599762,-1.013773851,-2.00655671,-1.037685294,1.026380387,-3.026002805,-7.243451307,-3.804333327,0.618680138,-1.319122954,-1.278610183,-4.454616116,-4.72967744,-7.120040253,-3.035725905,-1.608592017,-1.657816648,-3.993573571,-2.952826278,-1.609446721,-2.010517237
RAD52,-6.090541239,-6.346031381,-5.101236692,-2.247564809,-4.58200581,-0.567889856,-6.485434423,-7.243451307,-6.974258329,-3.853807634,-5.567050468,-4.001076207,-6.776544211,-7.051605535,-5.535077752,-2.168992436,-6.132153973,-6.612012958,-4.479000398,-0.770622947,-1.950483639,-3.776051983
MYH16,-1.136344929,-2.645591663,-1.013773851,-1.314679005,-1.774650888,1.497153676,-4.163506329,-2.719889351,-2.330402139,-3.005810727,-1.660159872,-1.193721285,-4.454616116,-7.051605535,-7.120040253,0.484141567,-2.962228972,-6.612012958,-1.756534373,-0.083410388,-0.24266439,-1.705662655
BAD,-0.535952388,-2.886599762,-1.013773851,-1.314679005,-2.079505469,2.263279005,-2.397971582,-4.073526305,-1.68885611,-2.268845133,-0.209498463,-1.278610183,-2.021656708,-3.592173916,-2.476184063,3.764793387,-0.404233519,-5.027050457,-3.100488775,0.526643094,-0.12945378,-1.574418122
LAP3,2.171553606,-0.673606039,-1.93131169,1.211866809,-0.334078296,5.14462045,0.965776688,-0.800507811,1.240060792,-0.89033351,1.850802047,2.188748352,-0.118332728,-1.842152169,-1.628187157,6.13139703,2.807425241,-3.442087957,0.093889271,4.849068584,2.746252111,-0.968697061
CD99,5.257633628,5.738444856,3.650307367,5.021774422,5.998252758,5.557586311,5.440490842,5.518307672,5.843724598,4.813658771,4.403055423,6.783067842,5.790698895,4.836757206,6.496623451,7.346135094,5.496747179,5.261046589,6.768808468,5.961673851,4.831750171,5.961702369
HS3ST1,0.828321998,1.590606558,0.57118865,0.315371385,1.071436429,1.685188831,0.40938334,2.151011388,1.352171158,0.857687273,1.174416518,2.115787551,1.549885277,0.824911412,1.3187516,3.167981953,1.780735363,1.923262418,2.009643142,1.842589031,0.073363103,1.020960995
AOC1,1.007490844,1.530485565,1.048510428,0.482828131,1.090419532,0.584813405,-1.127882419,-0.868411876,-0.079440566,0.299997702,0.972108343,2.164835732,-0.035077224,1.238413312,0.768702996,3.670414563,0.171626775,1.448682974,1.302359316,1.599399436,0.482475769,1.994777063
WNT16,-0.732989235,-0.513141367,0.626683763,0.401528029,-0.144600497,-2.044937017,-1.730546921,-3.336560711,-0.824511209,-1.131341609,0.661768223,1.160811475,-6.776544211,-2.407749345,-4.798112158,1.129476686,-0.922700608,-2.705122363,-0.918285443,-0.722528659,0.829126293,0.010544379
HECW1,-0.881087874,-1.060629162,-1.194346096,-1.063140238,-2.260077715,-1.968988164,-1.627453428,-0.277667022,-1.929864209,-1.783418306,-1.043488512,-0.056217761,-3.317112592,-1.120868197,-3.950115251,1.693794877,-0.922700608,-1.120159862,-1.515526274,-0.925345542,-0.12945378,-1.574418122
MAD1L1,-0.598688143,2.235169201,-0.147040382,-1.183434472,-0.612379459,1.080999972,-1.275981058,2.076220814,0.787292904,0.363423083,-1.479587627,-0.133179743,1.686980163,1.990053617,1.044866674,2.965599492,3.686428204,0.788866478,0.96062274,0.060979521,-0.999393239,-2.928055076
LASP1,5.159164818,7.051509564,3.602666882,6.414213289,4.997310128,2.921782766,5.15435847,3.357390807,4.61959961,6.553247641,4.049498376,9.154848809,6.268703524,6.19972893,7.329946625,7.082528152,6.513279302,3.515981363,7.164945958,7.633075172,5.13060029,4.611965302
SNX11,7.302983291,7.308268994,4.518983134,7.013034019,7.980634128,7.973563934,7.108073418,6.972005855,7.381712112,5.745733332,6.535253349,8.96920947,8.802919054,7.644438284,7.96439446,9.775093781,6.566767689,8.2053205,8.335942497,9.526662527,5.979070677,8.36726745
TMEM176A,1.1478635,3.198933052,-0.243255697,0.702394508,-0.144600497,-0.114839031,-1.127882419,-0.735656667,-0.951890516,-0.025988609,1.932795419,1.900997372,0.624335226,-0.156787771,0.228687901,2.866915218,3.312860872,1.976701677,-0.734839302,1.450021812,2.573078317,-0.888526712
M6PR,-1.44668505,-0.323663568,-0.34634919,-2.537071426,-2.466528592,-4.084465381,-2.397971582,0.407600384,-2.020062018,-2.088272887,0.265839546,-0.133179743,-3.317112592,-1.32368508,-0.490683633,-2.730871324,-0.35079426,-3.442087957,-2.277366537,-0.925345542,-0.999393239,-1.454123888
KLHL13,2.967450483,3.147824068,1.556974791,2.353699504,2.83021117,2.525328972,2.272788791,3.147792283,2.77895842,2.843855,2.888276752,4.06608922,3.698175736,1.934236402,2.995003397,4.23710968,3.650844235,3.523696328,4.420054358,3.453951079,2.867139619,2.769298662
CYP26B1,-1.232560244,-2.645591663,-2.29388177,-0.849015433,-1.523112121,-3.166927542,-2.578543828,-3.155988466,-2.330402139,-2.71630411,-2.397125466,-1.113550936,-6.776544211,-7.051605535,-7.120040253,-2.59962679,-2.962228972,-4.290084863,-4.479000398,-2.952826278,-0.812980115,-3.776051983
ICA1,-3.283186317,-4.76106888,-3.516274191,-2.899641506,-6.16696831,-3.794958764,-4.163506329,-3.155988466,-6.974258329,-4.590773228,-5.567050468,-2.622564584,-3.317112592,-5.466643034,-4.312685331,-2.730871324,-6.132153973,-2.524550117,-3.993573571,-4.331337901,-5.857374234,-4.513017577
DBNDD1,-6.090541239,-6.346031381,-5.101236692,-5.706996428,-3.845040216,-3.553950665,-3.678079501,-3.155988466,-4.166903407,-6.175735729,-5.567050468,-4.001076207,-3.606619209,-7.051605535,-2.596478297,-2.078794627,-4.547191473,-2.91157324,-3.631003491,-6.653265996,-5.857374234,-4.513017577
ALS2,-6.090541239,-4.76106888,-3.516274191,-5.706996428,-2.997043309,-2.730828427,-4.900471923,-4.073526305,-2.886795488,-4.590773228,-5.567050468,-2.863572683,-3.969189288,-5.466643034,-2.596478297,-2.479332557,-4.547191473,-1.185748203,-2.277366537,-4.331337901,-5.857374234,-6.097980078
CASP10,0.017983217,0.12970205,-0.147040382,-0.752800117,-1.523112121,0.622126564,-2.578543828,0.436028793,-0.232791342,0.332058912,0.499038723,1.025723852,0.86008041,-1.270245821,0.174580496,1.081382398,0.901269028,2.077985013,0.714771346,-0.675986073,-2.156934516,0.277059353
CFLAR,-0.535952388,-0.988479376,0.108216674,-2.247564809,-1.308987315,-7.254390383,-4.900471923,-7.243451307,-2.886795488,-1.221539418,0.410229456,0.445180023,-6.776544211,-7.051605535,-4.798112158,-3.422749028,-0.299263959,-4.290084863,-2.277366537,-2.565803155,-0.903177924,-1.705662655
TFPI,-0.805139021,0.12970205,0.028046325,-0.849015433,-0.494542968,-1.277110459,-1.441040304,-1.817186552,-0.670477581,-0.244998391,0.807988963,1.790737864,-0.799264287,-1.497016683,-0.02200817,1.851225843,-0.846751755,0.90368688,1.612699436,0.033234531,-0.076014521,-0.215337029
NDUFAF7,0.138277451,1.818875546,1.556974791,-3.385068333,-0.675115214,0.546509517,-0.419345233,-1.093704187,0.144682744,1.517751229,-0.209498463,1.976203716,0.461860529,-0.337360017,3.528317329,0.171432003,3.823495934,-1.402559593,-2.713465651,1.283371943,-0.571972015,-1.574418122
RBM5,0.176245301,0.548786382,1.202544056,-1.063140238,-0.809416306,-0.512923397,1.045947037,0.42188461,1.008735246,1.023936616,1.032862374,1.967014545,1.124322597,0.046426548,1.854374337,1.290439183,2.238533433,-1.120159862,0.378980597,1.235477253,-0.365521138,-0.543391226
MTMR7,5.753772222,6.084682505,4.871743094,4.761627615,6.120455501,5.999013946,5.459643572,5.900091347,6.114695499,5.73902311,5.068667652,7.060024919,6.84836545,5.349007106,6.747914109,7.0834441,6.88308683,5.435451815,6.97272587,6.725435272,5.993203313,5.765044632
SLC7A2,3.427128149,3.266837116,2.156151151,2.5644666,3.485876663,3.470975875,3.401786192,2.783072136,3.937882527,3.111976651,2.345838868,4.891921886,4.151974165,2.535234253,4.74065878,5.257542866,4.008675797,3.574101281,4.734832885,4.609416146,2.731340401,2.725387162
ARF5,2.123777881,0.096912115,-1.194346096,-1.063140238,0.136812438,1.765200345,-0.602791374,-4.921523212,-0.908169138,-0.244998391,0.499038723,1.821653941,0.043634752,-3.881680533,-1.237397204,0.915730243,2.665507552,-2.088451002,-0.870191155,2.326873581,0.650420406,-0.265090064
SARM1,-0.881087874,-3.17610638,-1.400796974,-2.00655671,-1.919040797,-1.639680539,-2.397971582,-2.599595117,-4.652330234,-3.005810727,-1.043488512,-1.037602083,-1.8223479,-7.051605535,-1.990757236,-0.32877288,-1.739836551,-2.705122363,-1.671645476,-2.260948573,-0.903177924,-1.454123888
POLDIP2,5.647973293,5.247826558,3.759850214,3.70874534,4.849143528,4.907056465,4.234809835,4.633449284,4.992607572,5.293397291,4.737871202,6.133093383,5.37542366,3.737112798,5.37206329,6.289513403,6.650639525,4.553522183,6.242269716,5.828281194,5.333067784,4.692368419
PLXND1,-0.805139021,-0.513141367,-2.29388177,-2.247564809,-0.740703556,-0.625033763,-0.993581327,-0.704292496,-1.68885611,-0.818183724,-0.357597102,1.12820681,-0.995184497,-4.72967744,-1.505330409,0.542147171,0.407004838,1.081473999,-1.591475127,-0.424447306,-1.333812278,-1.343092576
AK2,3.974201525,1.925431647,0.731653322,1.061187897,3.078584396,3.63359175,2.517380592,1.228223907,0.719228629,2.821443752,3.136853106,4.139497971,1.750932796,-0.481749926,1.541737845,3.694594375,4.217680118,3.815299886,1.749818293,4.729898264,1.642471653,0.772384642
CD38,3.536992645,3.876763522,2.156151151,2.477878915,3.06425287,3.216268491,2.980131981,4.252903182,3.151155142,2.827079287,2.846577461,3.944952782,3.051592274,2.734664093,3.837787308,5.394726647,4.163614961,4.41381871,3.679861708,3.731517754,2.606150139,2.927159484
FKBP4,3.488774698,4.465343312,2.078672398,1.605886527,3.423618739,2.148621641,2.706858391,2.972081693,3.106559199,3.045851393,2.73215755,3.778971369,3.216394126,0.976300462,3.637349756,4.001578789,5.33085944,2.849466489,4.801306409,3.505343692,2.404720611,3.18046938
KDM1A,5.618111596,6.37869562,4.368405125,4.761627615,6.370007355,5.190365707,5.473480733,5.237591268,5.67522241,5.086946414,4.542780186,6.37981771,6.066395349,4.709530115,5.873782684,6.595237101,6.267390993,5.722539676,7.044855556,6.13402443,6.000218051,6.028401753
RBM6,-1.232560244,-0.731321537,-1.641805073,-1.619533587,-1.308987315,-0.879350952,-1.059169669,-0.939670559,-0.498524898,-1.783418306,-1.043488512,-0.965452297,-0.799264287,-1.69405353,-1.053951062,1.238755027,-1.377266471,0.822615269,-0.611103934,-1.699069686,-0.728091217,-0.370059623
CAMKK1,3.465964815,4.375922232,1.528119928,2.437661815,4.140232499,3.006529151,3.590044726,3.196379577,3.856256878,3.093390951,2.181142382,5.181318146,4.7562987,3.526767157,4.640263872,5.087786931,4.630228065,4.237392143,5.160159397,4.317558905,2.170531762,4.148760521
RECQL,0.249308763,-1.488050386,0.45335216,-2.247564809,-0.675115214,-1.968988164,-1.841578234,-1.093704187,-1.929864209,0.233655208,-0.209498463,2.115787551,0.256878791,0.540851503,0.228687901,-1.993905729,0.688024989,1.053322959,-1.942947498,0.060979521,-0.728091217,-2.191089482
VPS50,4.457317267,5.145320692,2.686665867,3.670214103,5.395751117,4.645344159,5.040575684,4.474653406,4.997644417,4.054284707,3.797084187,5.740053662,5.565252562,4.240140746,5.691133718,6.713552011,5.164188711,5.609876203,6.024229062,5.748946676,2.818582799,4.962040277
HSPB6,2.405313787,-0.988479376,1.909990563,1.744214684,3.044919984,6.452213553,2.545232713,2.437787105,5.030313286,4.529032511,1.466372534,3.054206228,4.748487135,1.219857493,4.288820183,6.443222115,5.131702046,2.837135687,2.880309919,5.384624089,1.610231316,2.535015119
ARHGAP33,4.981591365,5.883688712,3.378543572,4.114777554,5.76635351,4.670051009,4.645779482,5.151815043,5.415641844,5.00106075,4.332306455,6.050676531,6.21338242,4.471466292,6.150401088,6.181875475,6.96998578,4.375961566,6.948207672,5.375676047,5.477457694,5.034519652
NDUFAB1,6.710156475,6.585998777,4.685032936,5.185546389,6.975936477,6.375990515,6.12120212,6.425101323,6.360992439,5.383163253,6.474950838,6.389737625,6.973848748,5.363872173,5.976180743,7.914572674,7.648898315,7.38701811,7.466516596,6.66880298,6.587381855,6.436079579
PDK4,2.945632373,3.716014757,2.282467601,2.983001544,3.738418695,3.329632557,3.074898411,3.464770423,3.744274547,3.369228704,2.920789566,4.669225963,4.392754485,2.564943309,4.25879646,4.822620839,4.784471949,3.441912923,4.948521973,4.092408328,3.989683112,3.458525977
SLC22A16,5.104830968,5.447978264,3.838342522,3.782851533,4.980872583,4.684086556,4.381071789,5.069148072,5.338908147,5.327593128,4.64118389,6.044137393,5.697922254,4.170585604,6.224671757,6.058118831,7.213112653,4.312057227,6.797938202,5.609122528,6.620131083,4.596377809
ZMYND10,0.538815381,1.276020438,0.390616404,0.668043003,1.163948568,1.107553391,0.694474667,0.122870907,0.839522862,0.694628991,1.00280514,1.565738947,1.112199038,0.261277421,1.160730517,1.332138474,1.575205159,1.946407755,1.353889616,0.659616959,2.307532692,2.938193535
ABCB5,3.159757178,4.256667484,2.991520449,1.929628193,4.144780005,3.857397353,5.653157371,-1.13492685,5.745344399,2.220869053,2.741288562,5.81878354,5.089575583,-1.218715521,2.252824807,4.018279809,4.699944873,4.061296117,6.73227955,5.242687897,2.513313172,3.651889349
ARX,-1.698223817,-1.301637262,-5.101236692,-0.952108926,-1.643406354,0.292504077,-0.757513969,-3.543011589,-1.616706324,-1.317754733,-3.245122373,-0.173257182,-1.732150091,-5.466643034,-0.274550202,-0.493832126,0.437701635,-0.012100116,1.702897245,-0.023909376,-0.24266439,-0.031890887
SLC25A13,-3.768613145,-3.538676459,-3.516274191,-4.122033927,-3.359613388,-2.499502881,-2.784994705,-7.243451307,-1.68885611,-3.853807634,-0.923194278,-4.738041801,-4.454616116,-7.051605535,-7.120040253,-7.123188746,-2.431714255,-3.15258134,-0.77856068,-3.193834378,-3.050019312,-6.097980078
ST7,1.440840221,0.572831856,0.256315313,0.270283496,0.402887298,1.556181252,0.569848012,-0.614094687,0.493347221,0.857687273,-0.140785713,2.090623627,1.841841292,-2.407749345,1.76565612,1.57377878,2.728932933,2.159476511,2.869727756,0.997785695,1.037443529,0.20580067
CDC27,5.63695383,6.169914798,4.618152129,4.604751887,5.490796725,5.062739543,6.016154,5.653826941,6.753343098,5.020866398,3.354790469,5.966150052,6.444589732,4.456684451,5.876962762,6.630341416,7.228007256,6.625346404,7.659847341,6.193595531,5.530104631,6.087205089
SLC4A1,1.644168381,1.916063464,0.964852499,2.487760427,1.838656239,2.019405216,0.282749901,0.378600513,0.773934521,3.306063703,1.421634219,2.707662834,3.455876717,0.025210062,2.514770797,3.557170777,2.212141934,5.237001116,3.036699441,2.14439553,2.102627698,2.086895265
CALCR,5.167435819,5.510005019,3.983571696,3.670214103,6.763953787,3.35201483,4.146651989,3.860492123,4.591319808,5.240534016,4.839154538,5.577485183,5.416673112,3.919219367,4.626054131,6.029571422,7.63902596,4.257580885,7.266253744,5.031044315,7.473962622,4.390864269
HCCS,3.286669291,4.327277694,1.693179174,2.014102761,4.001703808,3.256373785,3.028293173,3.612195859,4.013716195,2.882255994,2.055001352,4.323554408,3.544256338,2.782865515,4.561637402,5.129181022,3.517102204,3.625197003,5.842251275,3.656210358,2.530643051,3.903428116
DVL2,-2.920616238,-1.822469425,-2.779308597,-3.385068333,0.208071121,-3.166927542,-2.093117001,-2.11416829,-0.344901709,-2.47529601,-2.759695546,-1.368807992,-2.689081369,-2.528043579,-2.262059258,0.134199096,-2.225263378,-3.442087957,0.275887104,-0.630898183,-5.857374234,-2.39754036
PRSS22,5.67059441,6.335865846,4.72053729,5.269567696,5.881177944,5.663913851,5.616213027,5.473582443,6.303755467,5.593688913,5.218402,7.065685725,6.729887351,5.646882104,7.037701411,6.677812236,7.447044092,5.823917694,7.721959493,6.753603325,5.935822625,5.23461598
UPF1,-1.04614712,-1.591143879,-0.853309178,-2.247564809,-3.359613388,-2.396409388,-1.627453428,-0.501984321,-1.616706324,-0.683882632,-0.923194278,0.619510203,-0.54772552,-1.436895691,-2.72772283,-0.067906311,0.662261893,-1.057424107,-1.128503151,-1.227001242,0.446406514,-1.053585959
SKAP2,3.949748482,2.242683255,1.341706804,0.482828131,0.931063773,1.71427641,1.221924709,1.987769874,1.18055978,0.164114274,1.14719505,2.156775962,1.76648761,-1.32368508,3.1290732,2.467398304,3.46217063,3.510815037,3.467028592,3.387023725,-0.365521138,2.332472474
SLC25A5,1.602945718,1.566857955,0.390616404,1.587624321,1.946773856,2.271130426,2.162024003,1.276184946,1.489266044,1.081652114,1.444176788,1.948458726,2.668470635,0.51063689,1.43838046,3.177163814,2.870661042,2.47279543,3.306288583,2.488841061,1.400013608,1.994777063
MCUB,3.101751575,3.299627051,2.414463146,2.573774342,3.507223958,3.348308482,3.543852804,4.457421848,3.968989067,2.159654626,3.17778337,4.656420893,4.273984695,3.528653033,3.986522688,5.187140012,3.689620008,4.186458843,4.648736046,3.884922936,2.81151075,3.351168567
HOXA11,-2.631109621,-6.346031381,-1.641805073,-5.706996428,-6.16696831,-3.553950665,-2.578543828,-3.784019688,-2.450696373,-2.47529601,-1.174733045,-1.930686879,-2.384226788,-4.72967744,-3.213149657,-2.265207751,-2.431714255,-3.804658036,-2.157072303,-2.12970404,-3.050019312,-6.097980078
POLR2J,2.162124193,2.645490465,0.626683763,1.235518077,2.795927695,2.871023088,2.577960658,2.969652913,2.466610839,1.291869821,1.833828968,2.401509551,2.854632845,2.217521144,3.279771706,4.464119982,2.27298749,2.56041455,3.994299473,2.995990181,2.404720611,3.069438068
DHX33,-2.920616238,-6.346031381,-2.779308597,-3.385068333,-2.997043309,-4.447035461,-2.23750691,-2.199057188,-1.844975312,-4.590773228,-1.479587627,-3.51564938,-2.252982254,-3.881680533,-1.505330409,-1.568599895,0.277236963,-1.326610739,-2.40861107,-3.845911074,-1.465056812,-3.290625156
MEOX1,4.911570537,4.739441078,2.445657768,3.981253881,4.975776966,4.495897885,4.970406486,4.902799139,5.293406209,4.594928164,4.241913707,4.888275646,4.663805909,5.267219686,5.755133134,6.153081085,5.252090149,5.690911506,5.726792852,5.66386393,4.995155275,5.487451974
THSD7A,-0.598688143,-0.368751458,-2.29388177,-2.247564809,-0.809416306,-1.323653045,-0.602791374,0.051169442,-0.824511209,-1.783418306,-0.357597102,-0.65057896,0.342396862,-1.029237722,-0.154255968,1.47300101,-0.577565122,-0.236973527,-0.231072884,-0.145471356,0.618359197,-0.120700154
LIG3,0.538815381,1.86828774,1.238613311,1.452874909,0.992903026,2.430358238,2.769594146,2.21802814,2.050881233,1.023936616,1.278439583,2.090623627,3.029199662,2.011789547,2.478012247,3.451404781,1.804483966,3.311314527,2.341178565,2.675408931,1.930528325,2.324084688
RPAP3,-0.805139021,-1.953713958,0.108216674,-1.459068914,-1.919040797,-1.526469928,-1.441040304,-2.719889351,-1.764804963,-1.531879539,0.622774091,0.016845701,-2.689081369,-7.051605535,-1.565451401,-0.436688219,-0.640300877,-2.219695535,-2.713465651,-1.038556152,0.742538608,-0.316620364
ACSM3,0.448617572,1.778089931,0.45335216,-0.280731673,1.127652438,1.84100664,1.302468136,1.220073066,1.947582608,1.612166831,0.315592581,1.411705318,1.447457464,0.046426548,1.490984544,2.98925076,2.167054045,1.907623295,1.543367415,1.470855316,1.50894798,1.250748076
REXO5,5.419728431,5.680146216,3.878902886,3.977752193,5.342311858,4.759978859,4.83141276,4.835700099,5.572877203,4.922954368,4.566091744,5.794963402,5.167069491,4.865393514,6.06499001,6.51037415,5.896097455,5.134921178,6.887868188,5.478912385,4.840462124,4.829057091
CIAPIN1,7.948292036,7.387725441,6.215610492,6.152926545,7.062601588,7.3314524,6.767674392,7.640576081,7.848163126,6.973217436,6.803364501,7.47374512,7.979542951,7.484216582,8.401161428,9.126165481,8.096439278,7.070871927,9.040562146,7.95747051,7.668513564,6.980337544
SPPL2B,-3.768613145,-1.591143879,-1.641805073,-1.619533587,-2.997043309,-2.730828427,-2.397971582,-3.784019688,-2.219370827,-3.853807634,-1.043488512,-1.193721285,-2.252982254,-2.964142693,-1.142760329,-1.913735381,-0.922700608,-0.939587616,-2.894037897,-5.068303496,-1.769911393,-2.638548459
FAM214B,-0.113261316,-0.117212691,0.390616404,-0.497543062,-0.058443854,-1.421500369,-2.23750691,-1.515530852,-1.929864209,-0.447815274,-0.281648249,-0.76841545,-3.076104492,-4.72967744,-2.165843942,-2.078794627,-1.274172978,-0.462265839,-0.534141952,-0.722528659,0.409412306,-0.671715323
COPZ2,-0.024452049,2.294213555,-0.243255697,0.315371385,-3.845040216,0.040230366,0.694474667,-1.515530852,0.205650761,0.299997702,-0.357597102,-0.831151206,-1.284691114,-4.72967744,-0.405794735,-0.067906311,1.827847959,-1.254460954,-0.20101565,0.004945487,-0.302785383,0.311410858
PRKAR2B,0.986274358,0.368214137,1.585263835,0.559790113,0.34082633,-3.347499787,-0.602791374,-2.289254997,-0.128768278,0.669754322,1.932795419,0.522485749,-1.048623756,-2.528043579,-2.72772283,-1.057099556,-0.023629517,0.527538394,-0.534141952,-0.770622947,1.012990485,0.670204247
MSL3,-3.283186317,-3.17610638,-1.194346096,-1.063140238,-3.845040216,-4.084465381,-2.784994705,-3.784019688,-2.886795488,-2.71630411,-0.357597102,-0.831151206,-3.606619209,-3.881680533,-3.950115251,-3.953263745,-1.739836551,-3.15258134,-2.894037897,-2.565803155,-0.647920869,-0.671715323
CREBBP,-1.335653737,-0.564671668,-0.457380502,-1.063140238,-0.881566092,-2.209996264,-0.554697086,-0.16663571,-1.359548485,-0.89033351,-0.075197372,-0.214479845,-0.943654196,-1.842152169,-3.950115251,-2.265207751,-0.35079426,-3.15258134,0.117934745,-0.980840654,0.025268815,0.091844481
TSPOAP1,3.458280669,4.396278055,2.823575812,2.904028369,4.131094257,3.383140169,3.410897981,3.881316229,3.811194139,3.121180478,3.620301605,3.981917368,4.283476144,3.156628824,3.540847017,5.032578192,4.664696822,4.09448306,4.372123965,4.757715271,3.60819217,3.375725672
MPO,-0.732989235,-1.702175191,0.256315313,-0.577713411,-1.212772,-7.254390383,-2.397971582,-7.243451307,-2.886795488,-1.783418306,0.541473989,0.016845701,-6.776544211,-7.051605535,-7.120040253,-7.123188746,-2.962228972,-3.442087957,-2.277366537,-2.952826278,0.712481374,-0.483270234
PON1,-1.04614712,-2.25856854,-0.243255697,-1.314679005,-1.212772,-0.512923397,-1.841578234,-0.673595699,-1.141368315,-2.47529601,-0.812162966,-0.65057896,0.06894584,0.046426548,-1.011515796,1.372666281,-1.739836551,-0.830653245,-0.293133852,-0.980840654,0.164993579,0.344963418
GCFC2,4.008806571,3.061236383,2.476192136,2.13220736,2.933694029,3.537586438,2.934525754,3.334921384,3.796405564,3.594102115,2.944702186,3.576352621,4.898089451,2.615506007,3.607029305,4.642097352,4.584665488,3.646553076,4.876350699,4.779797769,3.583494933,3.611103735
WDR54,0.213239509,-0.156206822,-0.708919269,-0.849015433,-0.385608597,-3.553950665,-0.602791374,-4.921523212,-0.435099518,-2.088272887,-0.612854158,0.547360418,-3.606619209,-2.296718033,-0.131355566,0.825178485,1.106250766,-0.681275621,1.111960844,-0.349485248,-0.302785383,-0.968697061
CROT,-1.566979283,-2.439140785,-2.29388177,-2.00655671,-1.919040797,-5.669427882,-2.784994705,-7.243451307,-2.886795488,-2.47529601,-1.043488512,-2.863572683,-3.606619209,-7.051605535,-4.312685331,-1.837786527,-0.299263959,-3.442087957,-1.756534373,-2.260948573,-3.535446139,-1.574418122
ABCB4,4.347210833,4.010420589,2.265085522,3.284525418,4.701082543,5.092954157,4.565094482,4.660054004,5.646190623,3.671321617,2.713720302,5.02738244,4.880327515,4.7942765,6.182741448,7.407034682,3.961923712,6.010267697,5.110837978,5.735558542,3.258969727,5.593327252
KMT2E,3.020594431,3.491596552,1.817626545,2.5644666,3.37025009,3.452105635,3.361622923,3.147792283,3.412681916,2.359539648,2.627706387,3.399803229,3.521518357,2.409873913,3.495589384,4.943236854,3.435802102,4.300127898,4.330285412,3.871275719,3.162216494,3.540455836
RHBDD2,0.05920588,2.438603464,-0.34634919,-1.063140238,-0.552258466,-0.459974517,1.302468136,1.770569163,2.078309722,-1.317754733,0.047659376,1.025723852,-0.062298693,-0.156787771,-0.249675533,2.659809463,-1.274172978,1.923262418,0.864407425,1.751875467,0.208714956,0.820883159
SOX8,-1.566979283,-1.488050386,-1.013773851,-1.800105832,-1.919040797,-1.371747334,-1.627453428,-0.976664766,-0.745439638,-1.783418306,-2.397125466,-0.896739547,-2.132688021,-2.803678021,-1.762488248,1.100812928,-1.177957663,-0.681275621,-0.261769682,-1.795285001,-1.333812278,0.20580067
IBTK,-1.698223817,-1.301637262,-2.779308597,-4.122033927,-1.919040797,-2.499502881,-3.026002805,-2.488563805,-2.886795488,-3.853807634,-1.86661075,-2.863572683,-2.528616697,-7.051605535,-3.032577412,-1.192451409,-2.431714255,-1.857125456,-2.713465651,-2.952826278,-3.535446139,-3.776051983
ZNF195,-2.390101521,-1.591143879,-2.29388177,-4.122033927,-0.144600497,-3.006462869,-1.961872467,-2.289254997,-1.844975312,-1.783418306,-1.319122954,-2.863572683,-3.969189288,-7.051605535,-1.447614911,-0.38172176,-2.044691132,-0.545923768,-1.671645476,-2.565803155,-1.465056812,-1.574418122
MYCBP2,-0.362620785,-0.513141367,0.513473152,-0.092286584,-0.552258466,-4.447035461,-2.397971582,-7.243451307,-1.482405233,-1.531879539,0.661768223,0.246851306,-6.776544211,-4.72967744,-7.120040253,-1.395268292,0.134632567,-4.290084863,-2.40861107,-0.925345542,0.91081009,0.168806463
FBXL3,6.643109677,6.717195151,4.883181767,5.40999725,6.069344917,5.876019299,5.590378954,6.34491198,6.453970969,6.031583698,5.918275721,6.045774958,6.755202751,5.892923525,6.966842344,7.908038601,7.71264985,5.924962707,7.357444514,7.094402523,6.94776503,5.507962362
ITGAL,4.449586799,4.682565396,2.775280255,2.983001544,3.756359175,4.220836395,4.238226521,3.845999174,4.416448044,3.380770326,2.904624746,4.545046552,4.688511957,3.228005046,5.132920784,5.443103184,5.459835794,4.1150566,5.74524251,4.479233733,3.834369285,4.045403136
PDK2,1.109131105,1.246425656,1.640230294,0.979504099,0.798815974,1.47012347,-0.652544409,0.303443153,0.587984095,0.482475754,2.233849432,1.682620247,-0.035077224,-1.218715521,0.545295664,-0.252824027,0.833630311,3.326096368,-1.186218649,1.235477253,1.890818615,1.663571155
ITGA3,-6.090541239,-6.346031381,-3.516274191,-4.122033927,-6.16696831,-7.254390383,-4.900471923,-7.243451307,-6.974258329,-6.175735729,-3.982087967,-4.738041801,-4.454616116,-7.051605535,-7.120040253,-1.145908823,-6.132153973,-5.027050457,-6.800928493,-6.653265996,-4.272411734,-6.097980078
ZFX,4.102984121,3.988241904,2.85876524,2.646150398,3.886957571,3.185440501,3.461471851,4.045991269,3.910675319,2.647631511,3.512434316,3.641336566,4.446854204,3.031873793,4.136758133,4.748331516,5.320602056,3.355213301,4.648736046,4.246846067,4.138392917,3.439238323
LAMP2,-6.090541239,-1.822469425,-1.93131169,-3.385068333,-6.16696831,-7.254390383,-4.163506329,-2.033997941,-3.067367733,-3.005810727,-2.107618849,-2.622564584,-4.454616116,-7.051605535,-3.419600535,-4.801260651,-0.517444129,-6.612012958,-3.100488775,-4.331337901,-2.156934516,-2.638548459
ITGA2B,-1.335653737,-0.673606039,-1.194346096,-0.849015433,-2.466528592,-0.094519046,-1.059169669,-1.958049088,-1.359548485,-0.293092679,-0.209498463,-0.896739547,0.480843632,-2.007211415,-0.043224656,-0.71379781,1.351661804,-0.503488501,-2.713465651,-0.587176806,0.409412306,-2.39754036
ASB4,0.677643085,0.911356462,0.876043232,0.559790113,0.432944532,0.094337771,1.136617396,-1.410561293,-0.404402721,0.233655208,1.00280514,0.688222953,-0.118332728,-0.642214599,0.331170859,0.78970059,1.756589275,1.984176798,-1.443376488,0.641354753,1.240657849,0.531376542
GDE1,4.670178708,5.599778204,4.129984489,3.524224753,3.183970871,3.849553047,4.965261348,2.655905616,3.504511291,3.610533899,3.390051574,4.350304774,4.509435895,3.856036269,5.170266643,5.700775512,5.836152821,5.139949455,2.102953353,5.111190967,3.248534274,4.107813171
REX1BD,-0.961258223,-1.216748364,-0.457380502,-3.385068333,-2.707536692,-2.044937017,-2.578543828,-2.995523793,-2.020062018,-1.131341609,-0.812162966,-1.465023307,-2.869653615,-4.244250613,-3.950115251,-1.01466429,-0.922700608,-1.402559593,-2.894037897,-1.227001242,-1.465056812,-0.888526712
CRLF1,-1.136344929,-1.953713958,-1.194346096,-1.800105832,-1.919040797,-2.396409388,-1.627453428,-3.543011589,-2.581940906,-0.503310387,-2.759695546,-1.679148112,-2.252982254,-4.72967744,-4.798112158,-1.993905729,0.810360532,-1.567618839,-2.894037897,-1.898378494,-0.903177924,-2.638548459
OSBPL7,2.68094823,4.311287069,2.686665867,2.86665076,3.500143232,4.331980312,4.023350739,4.056329096,3.431946677,2.168560179,2.627706387,3.672762849,4.221340917,3.369407321,4.777427089,5.231336143,4.429133972,4.111647986,4.696424401,4.765113723,2.873944797,3.597248214
TMEM98,0.284498192,2.279677462,1.437922119,3.576091925,0.888314125,2.97322556,2.460009413,1.938943046,1.396429078,3.34193366,1.227365398,1.313620319,3.493751116,-0.310138548,3.370810624,-0.025156663,4.008675797,1.776004327,1.38394685,2.447396343,3.156646236,0.935442924
YBX2,-0.362620785,-0.988479376,-0.056842573,-0.215143332,-0.809416306,-0.5961789,-0.813009081,0.890975013,-0.564867393,0.01408883,0.972108343,0.306352318,-0.472763462,-1.436895691,0.379805634,0.893619541,-0.201416636,1.276730291,-0.968038478,-0.675986073,0.446406514,0.010544379
KRT33A,-1.136344929,-2.098103868,-0.34634919,-0.280731673,-2.260077715,-1.896838378,-1.127882419,-4.921523212,-0.865733872,-1.131341609,0.265839546,-0.65057896,-6.776544211,-7.051605535,-3.950115251,-3.035725905,-2.225263378,-6.612012958,-1.515526274,-1.367863777,0.371444456,-1.053585959
MAP3K14,-0.20789819,0.596483124,1.909990563,0.86285918,0.06185038,0.213215167,-0.256615733,0.032673098,0.525587558,-0.342845714,1.964330993,1.192695536,-1.221955359,-3.881680533,-1.447614911,-0.856402206,-0.023629517,-2.364085445,-1.374663738,-0.145471356,1.322534856,0.241869925
ABCC8,-0.362620785,-0.237506924,1.088587867,-0.577713411,-0.236230973,-4.932462288,-2.23750691,-4.921523212,-2.581940906,-1.652173773,0.772799535,-0.019223554,-4.454616116,-7.051605535,-4.798112158,-3.216298151,-1.739836551,-3.442087957,-2.894037897,-1.699069686,0.856871283,0.051767042
CACNG3,3.155011467,3.931256019,1.308154244,2.526623249,3.976414904,4.128773878,2.963714222,3.886475627,3.103892479,2.246329038,2.627706387,2.645662491,3.50074319,3.26014278,3.994352802,4.034789704,4.023929103,2.971069809,4.299076732,3.731517754,2.547767229,2.799865378
TMEM132A,-1.698223817,-3.17610638,-1.013773851,-2.00655671,-1.037685294,-3.006462869,-2.784994705,-2.199057188,-1.844975312,-6.175735729,-3.245122373,-2.863572683,-3.969189288,-2.407749345,-1.834638034,-1.450763404,-2.962228972,-4.290084863,-1.671645476,-1.795285001,0.164993579,-1.850052564
AP2B1,2.023200927,4.454059607,1.49867615,3.214844509,3.005459198,4.350626065,2.793015035,3.452646864,4.164653389,3.762373598,3.029139288,3.182807252,5.27023876,6.345667997,5.050197799,6.455537735,4.621898394,5.029587258,3.258415968,4.08904344,2.376245442,2.992132342
TAC1,-1.842613726,-1.301637262,-2.779308597,-2.00655671,-1.412080808,-2.610534193,-1.961872467,-2.488563805,-2.116277334,-2.088272887,-1.660159872,-1.278610183,-3.317112592,-3.144714939,-4.312685331,-3.035725905,-2.044691132,-1.057424107,-2.04604099,-3.193834378,-1.213518045,-2.191089482
ZNF263,5.135268701,5.095356648,3.722130548,4.095519937,4.907842151,4.626341052,4.4911297,4.442611443,4.733532167,4.837586945,4.3972904,4.763795384,5.916289204,6.017340645,5.68308182,5.618910123,6.162179586,5.040383903,5.703145622,5.824239321,5.3318326,5.595071217
CX3CL1,3.639079504,4.136776576,2.904387857,2.689608353,3.765246442,3.535958114,3.181677119,4.028595217,4.012294821,3.289830676,3.630166225,3.858147955,4.066591701,3.343928601,4.22147857,4.841513111,5.01568692,3.549118925,5.520717798,4.418866608,4.293642305,3.628238081
SPATA20,0.875243045,2.97364074,1.273802739,1.659325786,2.818873627,2.409167721,0.845482455,3.349939816,1.370037579,0.790048556,1.709073937,1.356475798,-0.586719652,0.067335538,-0.249675533,1.24749866,0.437701635,0.664111447,0.29710359,2.015618988,1.560478281,2.513044719
CACNA1G,-2.390101521,-2.886599762,-2.779308597,-2.537071426,-3.845040216,-7.254390383,-3.315509422,-7.243451307,-3.804333327,-4.590773228,-1.660159872,-2.863572683,-6.776544211,-7.051605535,-7.120040253,-7.123188746,-2.962228972,-4.290084863,-5.215965992,-4.331337901,-0.999393239,-2.928055076
TNFRSF12A,3.316726525,3.646906955,1.954045744,3.617184119,3.876058973,3.967800756,3.960614983,3.815216943,4.051573339,3.353694826,3.230611058,3.923736297,4.834019293,4.453709821,4.25554226,5.163080216,3.779238014,4.319463276,4.490817788,4.505974654,3.97076225,3.536830972
DLX6,-0.309181526,-1.488050386,0.108216674,-0.577713411,-0.675115214,-4.084465381,-2.397971582,-7.243451307,-2.330402139,-3.853807634,0.622774091,-0.345724378,-6.776544211,-7.051605535,-5.535077752,-7.123188746,-0.846751755,-4.290084863,-2.713465651,-1.443812631,0.771982386,-0.888526712
MAP3K9,1.049010113,0.948589368,-0.147040382,-0.849015433,1.849839977,1.517099087,0.384930296,0.436028793,0.225414016,0.091050812,0.73673028,2.047683105,2.168899626,1.062136631,-0.154255968,1.071568108,3.025192962,0.96541587,0.633699735,2.008512102,1.904176998,-0.425554736
RALA,4.905932249,5.434098239,3.502389653,4.50123793,5.545128741,5.235708372,5.00591765,5.06004407,5.472566512,4.630813893,4.379855807,5.235894679,5.568029112,5.198396733,5.561417797,6.293740697,5.978003045,4.55226548,6.845742713,5.853785306,5.648933347,5.249087579
BAIAP2L1,-3.283186317,-4.024103286,-1.400796974,-2.899641506,-2.707536692,-2.499502881,-4.900471923,-7.243451307,-6.974258329,-4.590773228,-3.245122373,-2.622564584,-5.19158171,-2.659288112,-7.120040253,-2.479332557,-3.810225879,-2.705122363,-3.631003491,-3.483340995,-4.272411734,-6.097980078
KDM7A,-4.505578739,-4.76106888,-3.516274191,-4.122033927,-1.919040797,-2.300194073,-3.026002805,-3.336560711,-3.273818611,-6.175735729,-1.86661075,-2.416113706,-4.454616116,-1.379180193,-3.213149657,-2.168992436,-1.739836551,-2.364085445,-4.479000398,-1.898378494,-5.857374234,-3.290625156
ETV1,4.221207076,4.449196585,3.216175922,3.837968005,4.955212591,4.294912986,4.102343093,5.422994632,5.17644096,4.012853117,3.585234374,4.526400799,5.30127291,5.446495709,5.978156362,6.199161951,4.47794809,4.89230949,5.427589605,5.275622443,4.365420669,4.424601453
AGK,3.076876906,3.139797928,2.673550368,2.477878915,3.37025009,2.635873894,2.460009413,2.138091644,3.410525421,2.685351177,2.991370245,2.729563749,2.976672539,2.57592835,2.785346752,3.843316706,4.235260778,2.738926223,4.638382969,3.84558321,3.497976862,2.490734558
ALDH3B1,4.877405466,5.055381498,3.912783778,3.963659821,4.32588631,3.998866197,4.241635135,4.002695468,4.906473106,4.700013623,5.141171262,4.899186836,5.408021242,4.051026354,5.050197799,4.891180496,6.520915003,4.103091051,5.936107544,5.323656072,5.934195678,4.053036461
TTC22,0.623704278,0.619752904,0.513473152,-1.183434472,-1.308987315,-2.396409388,-1.531238113,-3.336560711,-0.908169138,0.299997702,1.119450059,-0.056217761,-0.754176398,0.448240352,0.874313184,-1.837786527,0.965878109,0.506928115,0.806401821,0.335418691,1.131310452,0.130838613
PHTF2,-0.309181526,-2.439140785,-1.013773851,-0.577713411,-1.212772,-7.254390383,-1.275981058,-7.243451307,-1.482405233,-1.531879539,-0.357597102,-1.278610183,-6.776544211,-3.351165817,-7.120040253,-7.123188746,-1.177957663,-3.804658036,-2.157072303,-1.608871877,0.025268815,-1.143783768
CCL26,-1.842613726,-1.953713958,0.028046325,-1.459068914,-0.881566092,-7.254390383,-1.531238113,-7.243451307,-2.886795488,-3.368380807,-0.522656349,-0.490114288,-6.776544211,-7.051605535,-7.120040253,-7.123188746,-2.225263378,-6.612012958,-3.100488775,-1.699069686,0.446406514,-1.143783768
FARP2,-1.335653737,-1.216748364,0.390616404,-1.619533587,-1.212772,-7.254390383,-2.23750691,-7.243451307,-2.726330815,-2.47529601,-0.437767451,-2.863572683,-6.776544211,-7.051605535,-7.120040253,-7.123188746,-2.225263378,-5.027050457,-2.277366537,-2.009409806,-0.24266439,-0.075612265
USH1C,-2.183650644,-2.439140785,-0.457380502,-1.459068914,-1.122574191,-7.254390383,-1.961872467,-7.243451307,-4.166903407,-3.005810727,-0.709069473,-1.930686879,-6.776544211,-7.051605535,-7.120040253,-7.123188746,-3.324799051,-6.612012958,-3.631003491,-2.746375401,-1.333812278,-1.239999083
GGCT,1.785975707,1.30502031,2.078672398,1.492675917,1.199353904,2.939134978,1.689491259,-2.199057188,4.033469786,0.453620891,2.321692781,1.328047389,1.251361786,-3.881680533,-2.075646134,-0.933364187,0.554346554,2.752121697,0.232494509,0.546406349,1.917412825,1.401865809
DBF4,-1.136344929,-1.488050386,-1.013773851,-2.00655671,-1.643406354,-7.254390383,-2.578543828,-7.243451307,-3.51482671,-2.088272887,-0.281648249,-0.019223554,-6.776544211,-7.051605535,-7.120040253,-7.123188746,-3.810225879,-3.804658036,-3.100488775,-2.405338483,-0.728091217,-2.010517237
TBXA2R,3.116473081,3.737447946,2.85876524,2.947639601,3.471467604,3.774206394,3.383388131,4.10361635,4.005166866,3.139413834,3.485517583,4.268518045,3.296258324,3.13945368,4.190004427,4.181162575,3.748959987,4.152029259,4.223518631,3.958680946,3.430338145,3.77392516
IFRD1,3.477414836,3.369930609,2.737967096,0.979504099,3.732388612,3.384950326,3.642559898,2.780303046,3.843524793,2.312104305,2.983696317,3.697975637,2.23747626,3.478800802,4.729755769,4.587187225,3.05024038,3.238173879,3.557722708,4.199263513,2.055515102,3.631640666
LGALS14,1.773644905,0.68739162,1.640230294,1.676707865,0.372190501,-0.746595743,0.053724388,-2.995523793,0.144682744,0.267207767,2.33381634,1.811422018,-3.606619209,-2.964142693,-2.72772283,-3.216298151,0.310789522,-1.254460954,-0.534141952,0.241551767,1.437246515,1.636729542
COX10,7.65565814,7.765348848,6.932530423,6.510052486,7.759049646,7.51022208,7.388874585,7.139105176,8.056451908,7.277663528,7.197613824,7.069715602,7.443153725,6.386276551,7.837923302,7.743848623,8.021952104,7.305638831,7.980072552,7.801611596,7.450538068,6.499374175
GTF2IRD1,-2.183650644,0.422152944,-1.93131169,-2.537071426,-0.957514945,-1.025571692,-1.627453428,-4.073526305,-3.067367733,-2.088272887,-2.759695546,-2.075076789,-6.776544211,-2.964142693,-3.032577412,-1.765636742,1.917694576,-0.272162955,-1.246339641,-3.483340995,-1.769911393,-1.239999083
PAF1,3.927658939,5.112887826,2.787506557,2.497574716,4.333873569,4.495897885,3.185221826,2.526386537,4.012294821,3.570778593,2.896473905,4.532642864,2.869114222,0.800143507,4.239160232,3.960955264,5.375145151,5.09318742,4.279222817,4.068687617,2.11416932,4.526815378
VPS41,5.983934761,6.0930203,3.722130548,4.925089985,5.678913724,5.694889196,5.355736766,6.667097739,6.521971311,4.936052007,4.391502248,6.410222916,5.852129154,5.846050877,7.17508294,6.809118294,6.205746629,5.427934202,6.477666157,6.379640681,4.763761879,5.251301151
ARHGAP44,0.318849697,-1.488050386,-0.34634919,-1.183434472,-0.439047856,-2.300194073,-1.627453428,-2.488563805,-2.330402139,1.023936616,-0.281648249,-2.416113706,-4.454616116,-3.592173916,0.472416784,-2.730871324,1.732032171,-2.705122363,-1.374663738,-2.565803155,-0.076014521,-0.740428073
ELAC2,0.352402256,2.257594964,0.45335216,1.304230828,3.400987765,3.776966213,2.042042583,1.36757349,3.837116365,1.772631503,0.410229456,3.233501753,1.913453761,3.029211993,1.302024513,3.649125828,3.122874596,1.999011839,0.232494509,4.323298127,0.856871283,0.20580067
SCIN,3.685891793,3.847493979,2.03831466,2.780843606,3.030248383,3.474380467,2.35691592,3.259380497,3.54242662,3.828484738,2.069574153,3.868054913,3.730259227,1.951209481,4.253368707,3.877515523,4.556970431,1.826778894,3.217271686,4.16131647,3.016069878,3.825347407
ARSD,-1.842613726,-1.488050386,-2.779308597,-1.619533587,-1.643406354,-1.277110459,-0.993581327,-1.751598211,-2.886795488,-0.89033351,-1.479587627,-2.622564584,-1.918563215,-2.964142693,-1.142760329,-1.057099556,1.629397259,-1.402559593,-2.40861107,-3.193834378,-1.333812278,-1.705662655
PNPLA4,0.352402256,2.015912393,1.088587867,2.13220736,0.821716376,1.731451554,-0.419345233,-1.885899302,0.123773754,2.263056124,2.12643649,1.994408312,2.54312791,-0.310138548,2.195109309,3.174873821,4.159016726,2.185648568,-1.073008038,1.026214103,0.073363103,1.838657861
MYH13,1.185583166,2.109295839,1.793581071,2.517005246,3.704936927,4.537179529,1.378751721,-4.921523212,2.29486835,2.589135862,3.065944729,4.640614315,4.021927591,-2.407749345,3.729364848,5.04140397,3.660636321,3.658282368,-2.157072303,4.605888773,-0.571972015,3.450841831
ADIPOR2,3.111582584,1.798626862,1.528119928,1.348286008,2.543838123,2.362158461,1.353769365,1.055756711,2.039762141,1.531623403,2.246730723,3.178832883,1.418212644,2.208137729,2.432628845,2.773143658,3.12758929,3.601091261,2.366489653,2.899403101,1.50894798,2.520405424
CDKL3,3.242614111,2.865856913,2.799630116,2.918712415,4.07024165,4.123362412,3.004413537,2.513105016,3.851495504,2.961255383,3.073194468,4.640614315,3.13184841,3.275947109,4.007309288,4.611944138,4.186388836,4.461459196,3.781213489,4.494574897,1.70486819,3.212632704
UPP2,5.222908702,5.169175649,3.449510093,4.092285194,5.198807325,5.002702762,4.975533339,5.141062654,5.75557481,4.412041788,4.353302388,5.757480155,4.664843819,4.621261742,6.03145203,6.545142271,4.872768705,5.242465876,5.77862316,5.542413789,4.201970226,5.143407286
PRSS21,-0.881087874,-1.060629162,0.028046325,-0.952108926,0.432944532,0.180237845,-2.397971582,-2.199057188,-3.51482671,-1.927808215,-0.709069473,2.580877544,-3.606619209,-1.69405353,-3.950115251,-1.508478902,-0.35079426,-2.219695535,-3.100488775,1.470855316,-0.999393239,-0.543391226
MARK4,3.511229549,3.970250151,2.506093622,3.03783741,3.811742149,3.015904944,3.552112531,3.853922462,4.010872045,2.966371329,3.122947504,4.431048066,3.510013551,2.94980266,3.577796105,4.141840196,4.841543393,3.947364132,4.453509656,4.122344285,2.887459603,3.645171316
,4.30927072,4.049502754,3.378543572,2.961888556,3.97386146,3.226399818,4.55827644,3.820617773,4.796818411,3.820031422,3.043974329,5.625727938,4.050798494,4.397027033,4.755325148,5.590842069,5.030866666,4.523054988,5.33574227,5.492347779,2.192474315,4.887150296